"";"region";"IQR_ref";"IQR_waning5";"IQR_waning3";"diff_MMR2_5";"diff_MMR2_3"
"1";"North East";"158 (132; 188)";"144 (121; 169)";"146 (124; 172)";"8.86 (-6.96; 23.42)";"7.59 (-8.86; 21.52)"
"2";"North West";"717.5 (615; 857.25)";"656 (560; 770.25)";"664 (571; 777)";"8.57 (-7.35; 21.95)";"7.46 (-8.29; 20.42)"
"3";"Yorkshire and The Humber";"464 (397; 555)";"426 (364; 496)";"429 (367; 504)";"8.19 (-6.9; 21.55)";"7.54 (-8.62; 20.91)"
"4";"East Midlands";"504 (426; 603)";"458 (392; 540.25)";"461 (397; 545.25)";"9.13 (-7.19; 22.22)";"8.53 (-8.18; 21.23)"
"5";"West Midlands";"651.5 (556; 778.25)";"595 (508; 699)";"603 (516; 705.25)";"8.67 (-7.29; 22.03)";"7.44 (-8.25; 20.8)"
"6";"East";"746 (633; 888)";"676 (578; 791)";"678 (585; 799)";"9.38 (-6.03; 22.52)";"9.12 (-7.1; 21.58)"
"7";"London";"2068 (1770; 2466.5)";"1826 (1575; 2124.25)";"1843 (1583.75; 2152.25)";"11.7 (-2.72; 23.84)";"10.88 (-4.07; 23.42)"
"8";"South East";"1332 (1124.75; 1589.25)";"1219 (1045.75; 1416.25)";"1223 (1047.75; 1436)";"8.48 (-6.33; 21.49)";"8.18 (-7.81; 21.34)"
"9";"South West";"498 (426; 594)";"458 (390; 529)";"463 (394; 540)";"8.03 (-6.22; 21.69)";"7.03 (-8.43; 20.88)"
