"region";"n_dose";"year";"cov1y";"cov2y";"cov3y";"cov4y";"cov5y";"vaccine"
"north east";1;2015;"0.731035064059339";"0.970946915351506";"0.976937618147448";"0.982983775227543";"0.986394557823129";"MMR"
"north east";1;2016;"0.730796567325";"0.974713418745786";"0.982115677321157";"0.985381272224417";"0.984767393989296";"MMR"
"north east";1;2017;"0.729522712425";"0.9743954231";"0.980322003577818";"0.986794717887155";"0.98772504091653";"MMR"
"north east";1;2018;"0.7295284392375";"0.9726969499";"0.979542390049985";"0.983895131086142";"0.989148580968281";"MMR"
"north east";1;2019;"0.73164625875";"0.97270458565";"0.97921881313585";"0.982850945749805";"0.98531211750306";"MMR"
"north east";2;2015;"0";"0.685216894977169";"0.911153119092628";"0.950534230312624";"0.95280612244898";"MMR"
"north east";2;2016;"0";"0.693649373881932";"0.913622526636225";"0.948636902410115";"0.952243721696171";"MMR"
"north east";2;2017;"0";"0.691972299359881";"0.924865831842576";"0.955182072829132";"0.950490998363339";"MMR"
"north east";2;2018;"0";"0.693772912407344";"0.922629732479841";"0.961423220973783";"0.959098497495826";"MMR"
"north east";2;2019;"0";"0.691088061631143";"0.925030549876458";"0.959098734785927";"0.962056303549572";"MMR"
"north west";1;2015;"0.714100739897553";"0.956606103369201";"0.962394233782513";"0.979355012818783";"0.980326190302055";"MMR"
"north west";1;2016;"0.7259750872125";"0.952134319863404";"0.969048361934477";"0.976339550517366";"0.982335623159961";"MMR"
"north west";1;2017;"0.7234596825";"0.96796678295";"0.967646347363328";"0.978164225941423";"0.980174247101598";"MMR"
"north west";1;2018;"0.7215618690375";"0.96461291";"0.97236365547984";"0.975352560030492";"0.980510661415184";"MMR"
"north west";1;2019;"0.719736384675";"0.96208249205";"0.97122625271101";"0.9745762603812";"0.979109839664693";"MMR"
"north west";2;2015;"0";"0.657004680187207";"0.864368536508931";"0.918499527729051";"0.928910992466906";"MMR"
"north west";2;2016;"0";"0.657429245283019";"0.87600624024961";"0.921109866209715";"0.921631851955699";"MMR"
"north west";2;2017;"0";"0.665288268475027";"0.876572327044025";"0.927955020920502";"0.924607258009193";"MMR"
"north west";2;2018;"0";"0.662723536680357";"0.88705102463337";"0.924914242154745";"0.929784055412196";"MMR"
"north west";2;2019;"0";"0.661572161654665";"0.883631382240476";"0.935970827379493";"0.929346018228993";"MMR"
"yorkshire and the humber";1;2015;"0.708485401459854";"0.94559748427673";"0.959871589085072";"0.970432145564822";"0.961633663366337";"MMR"
"yorkshire and the humber";1;2016;"0.7274724199875";"0.944647201946472";"0.957817207900904";"0.966610455311973";"0.973133148952983";"MMR"
"yorkshire and the humber";1;2017;"0.7248959578875";"0.96996322665";"0.95410783055199";"0.967491166077739";"0.968498424921246";"MMR"
"yorkshire and the humber";1;2018;"0.723105682575";"0.96652794385";"0.9752269391064";"0.95954530257439";"0.971417965850037";"MMR"
"yorkshire and the humber";1;2019;"0.72234531165";"0.9641409101";"0.97363317377944";"0.9782197038891";"0.961305007587253";"MMR"
"yorkshire and the humber";2;2015;"0";"0.654837629728825";"0.869020866773676";"0.926459438968916";"0.922442244224422";"MMR"
"yorkshire and the humber";2;2016;"0";"0.645298459563543";"0.873116839638433";"0.922765598650927";"0.931252469379692";"MMR"
"yorkshire and the humber";2;2017;"0";"0.666709358847317";"0.860397946084724";"0.925088339222615";"0.928246412320616";"MMR"
"yorkshire and the humber";2;2018;"0";"0.66761251094727";"0.888945811796423";"0.914075560013373";"0.929101707498144";"MMR"
"yorkshire and the humber";2;2019;"0";"0.662867843481193";"0.890150014596359";"0.944404440337128";"0.918437025796662";"MMR"
"east midlands";1;2015;"0.721227621483376";"0.960893854748603";"0.976851851851852";"0.985422740524781";"0.988461538461539";"MMR"
"east midlands";1;2016;"0.7259037804375";"0.961636828644501";"0.976854599406528";"0.980511571254568";"0.986738999397227";"MMR"
"east midlands";1;2017;"0.724103212725";"0.96787170725";"0.976910390324354";"0.983208955223881";"0.982932996207333";"MMR"
"east midlands";1;2018;"0.7199596699875";"0.9654709503";"0.97499087923916";"0.983749274521184";"0.985833869929169";"MMR"
"east midlands";1;2019;"0.721281704025";"0.95994622665";"0.97351467227244";"0.97815417403935";"0.986805555555556";"MMR"
"east midlands";2;2015;"0";"0.667655786350148";"0.875578703703704";"0.92536443148688";"0.931410256410256";"MMR"
"east midlands";2;2016;"0";"0.663826278174821";"0.890207715133531";"0.939098660170524";"0.927667269439421";"MMR"
"east midlands";2;2017;"0";"0.659310237080568";"0.885101704233095";"0.936567164179104";"0.946902654867257";"MMR"
"east midlands";2;2018;"0";"0.662574189436868";"0.879080316107424";"0.941961694718514";"0.942047649710238";"MMR"
"east midlands";2;2019;"0";"0.656781197120112";"0.88343225258249";"0.935553485428792";"0.946527777777778";"MMR"
"west midlands";1;2015;"0.717887872166075";"0.959830577947807";"0.970134324092598";"0.981657333008684";"0.981236104935527";"MMR"
"west midlands";1;2016;"0.724410843075";"0.957183829554766";"0.970528158739422";"0.978811956110481";"0.984043456119504";"MMR"
"west midlands";1;2017;"0.7168707426";"0.9658811241";"0.967545787545788";"0.976590961940935";"0.981449183446964";"MMR"
"west midlands";1;2018;"0.714889588575";"0.9558276568";"0.97067820080736";"0.973649333437281";"0.978486767332359";"MMR"
"west midlands";1;2019;"0.7134481554";"0.9531861181";"0.96410435531176";"0.97351956064476";"0.97725568607848";"MMR"
"west midlands";2;2015;"0";"0.662295739714036";"0.891468991140326";"0.940426913399886";"0.935882614495331";"MMR"
"west midlands";2;2016;"0";"0.650164835164835";"0.883060986285381";"0.933030646992055";"0.944321846885079";"MMR"
"west midlands";2;2017;"0";"0.653874554020099";"0.866886446886447";"0.928377645143787";"0.936182019977802";"MMR"
"west midlands";2;2018;"0";"0.652295659406348";"0.871832738693465";"0.917907538785375";"0.930995291443416";"MMR"
"west midlands";2;2019;"0";"0.650632041571871";"0.869727545875131";"0.923144947392928";"0.925185370324086";"MMR"
"east of england";1;2015;"0.714428269546842";"0.963623223319682";"0.97744161358811";"0.979880986115047";"0.985537812594155";"MMR"
"east of england";1;2016;"0.7268174245125";"0.952571026062456";"0.97112657901521";"0.981534090909091";"0.982153480071386";"MMR"
"east of england";1;2017;"0.7213538188125";"0.96908989935";"0.966819806023481";"0.976464148877942";"0.981640509327806";"MMR"
"east of england";1;2018;"0.7173723719625";"0.96180509175";"0.975439952246775";"0.969465648854962";"0.978877314814815";"MMR"
"east of england";1;2019;"0.7188801464625";"0.95649649595";"0.971851694212555";"0.976647028113975";"0.974805038992202";"MMR"
"east of england";2;2015;"0";"0.667053364269142";"0.893842887473461";"0.939926324737886";"0.94215125037662";"MMR"
"east of england";2;2016;"0";"0.655819295558959";"0.889404485692189";"0.946875";"0.944080904223676";"MMR"
"east of england";2;2017;"0";"0.667005055270806";"0.874425727411945";"0.933497536945813";"0.948474977790939";"MMR"
"east of england";2;2018;"0";"0.670714494781948";"0.889340073694409";"0.922300981461287";"0.9375";"MMR"
"east of england";2;2019;"0";"0.666619173986236";"0.894285993042597";"0.938031895800784";"0.930713857228554";"MMR"
"london";1;2015;"0.674729455947028";"0.912392837214021";"0.945892483127764";"0.959449173067608";"0.968499025341131";"MMR"
"london";1;2016;"0.693950024625";"0.899639274596037";"0.940761555224223";"0.955985005170631";"0.964264173703257";"MMR"
"london";1;2017;"0.69428413185";"0.9252666995";"0.933191940615058";"0.949305820914533";"0.96044481981982";"MMR"
"london";1;2018;"0.686226801675";"0.9257121758";"0.9417229484435";"0.941454026199789";"0.953205039457289";"MMR"
"london";1;2019;"0.688433561625";"0.9149690689";"0.9384119509625";"0.94578692644346";"0.948315832537843";"MMR"
"london";2;2015;"0";"0.483254960431242";"0.652431929252967";"0.750051899522524";"0.781910331384016";"MMR"
"london";2;2016;"0";"0.484358430540827";"0.644339947241656";"0.726990692864529";"0.763193606755127";"MMR"
"london";2;2017;"0";"0.575970694776375";"0.645811240721103";"0.719908291937333";"0.736134572072072";"MMR"
"london";2;2018;"0";"0.57004485987594";"0.7679609263685";"0.720680449494009";"0.727952374359684";"MMR"
"london";2;2019;"0";"0.567201067781658";"0.76005981316792";"0.856991007141819";"0.728214918859948";"MMR"
"south east";1;2015;"0.716954960835509";"0.956842923794712";"0.970842956120092";"0.974765407050469";"0.977932556375422";"MMR"
"south east";1;2016;"0.7155292183875";"0.955939947780679";"0.969640607187856";"0.978418604651163";"0.976879385232209";"MMR"
"south east";1;2017;"0.718267936275";"0.95403895785";"0.967985378220624";"0.97686045766297";"0.981380711991084";"MMR"
"south east";1;2018;"0.7177829428125";"0.9576905817";"0.96574067817575";"0.974004669064294";"0.979281298824808";"MMR"
"south east";1;2019;"0.7226836778625";"0.95704392375";"0.968084203408015";"0.97154199943975";"0.977674979887369";"MMR"
"south east";2;2015;"0";"0.656176876462471";"0.877309468822171";"0.923662186152676";"0.933590786842287";"MMR"
"south east";2;2016;"0";"0.659395082837097";"0.874902501949961";"0.930356589147287";"0.929101236217842";"MMR"
"south east";2;2017;"0";"0.665134515194758";"0.879193443782796";"0.925389398115505";"0.93463580934898";"MMR"
"south east";2;2018;"0";"0.666726116618357";"0.886846020259677";"0.932046185879235";"0.93057536852116";"MMR"
"south east";2;2019;"0";"0.662041039078466";"0.888968155491143";"0.940158797236683";"0.937181550013408";"MMR"
"south west";1;2015;"0.714004039626815";"0.950630773815437";"0.960152203783955";"0.973019916628069";"0.977957942741323";"MMR"
"south west";1;2016;"0.7239401085375";"0.952005386169087";"0.95971361402009";"0.97119249665029";"0.976606060606061";"MMR"
"south west";1;2017;"0.72487094025";"0.96525347805";"0.962421496962833";"0.969051127990024";"0.974587188195339";"MMR"
"south west";1;2018;"0.7238032553625";"0.966494587";"0.97243513752408";"0.971955393618196";"0.972342472342472";"MMR"
"south west";1;2019;"0.7248828916875";"0.96507100715";"0.97242337127804";"0.97906269769212";"0.97609184518878";"MMR"
"south west";2;2015;"0";"0.644288309467835";"0.865659021245112";"0.92577582213988";"0.93400050671396";"MMR"
"south west";2;2016;"0";"0.657726757953259";"0.859051079290447";"0.915475658776239";"0.929212121212121";"MMR"
"south west";2;2017;"0";"0.67515772824318";"0.876969010604345";"0.917809772134679";"0.920014053167818";"MMR"
"south west";2;2018;"0";"0.674074087845435";"0.90021030432424";"0.929557248537043";"0.921476671476671";"MMR"
"south west";2;2019;"0";"0.67180574933485";"0.89876545046058";"0.954192227403422";"0.933009823647769";"MMR"
"east midlands";1;2005;"0.7035";"0.9315";"0.940124004602077";"0.954177916967733";"0.965593868086568";"MMR"
"east midlands";1;2006;"0.704625";"0.938";"0.945368418786367";"0.949215346685782";"0.955738759930762";"MMR"
"east midlands";1;2007;"0.700275";"0.9395";"0.949042484739521";"0.955355942026513";"0.95089511601571";"MMR"
"east midlands";1;2008;"0.70185";"0.9337";"0.95143990071186";"0.956994874601971";"0.957201295008094";"MMR"
"east midlands";1;2009;"0.696375";"0.9358";"0.963";"0.96003857642837";"0.958464204483916";"MMR"
"east midlands";1;2010;"0.709875";"0.9285";"0.9567";"0.9841";"0.96162731785";"MMR"
"east midlands";1;2011;"0.720225";"0.9465";"0.9582";"0.9684";"0.988";"MMR"
"east midlands";1;2012;"0.725175";"0.9603";"0.9672";"0.9737";"0.9764";"MMR"
"east midlands";1;2013;"0.722625";"0.9669";"0.9793";"0.9741";"0.981";"MMR"
"east midlands";1;2014;"0.720675";"0.9635";"0.9788";"0.9879";"0.9816";"MMR"
"east midlands";2;2005;"0";"0";"0.38215690432017";"0.771880979539301";"0.896094555135692";"MMR"
"east midlands";2;2006;"0";"0";"0.388661264601654";"0.764313808640339";"0.894001597798589";"MMR"
"east midlands";2;2007;"0";"0";"0.39717522148814";"0.777322529203308";"0.885237211767824";"MMR"
"east midlands";2;2008;"0.0039";"0";"0.40066869186768";"0.794350442976281";"0.900304064400403";"MMR"
"east midlands";2;2009;"0.0008";"0.0052";"0.40795";"0.80133738373536";"0.920025993718185";"MMR"
"east midlands";2;2010;"0.0004";"0.0011";"0.38275";"0.8159";"0.9281183504";"MMR"
"east midlands";2;2011;"0.0004";"0.0006";"0.3935";"0.7655";"0.945";"MMR"
"east midlands";2;2012;"0.0031";"0.0005";"0.40975";"0.787";"0.9264";"MMR"
"east midlands";2;2013;"0.002";"0.0041";"0.40765";"0.8195";"0.9438";"MMR"
"east midlands";2;2014;"0.0013";"0.0027";"0.40815";"0.8153";"0.9407";"MMR"
"east of england";1;2005;"0.691125";"0.907";"0.9126534645338";"0.925631234685189";"0.940180534119078";"MMR"
"east of england";1;2006;"0.696";"0.9215";"0.919306544892252";"0.917615603010433";"0.926291805294943";"MMR"
"east of england";1;2007;"0.667125";"0.928";"0.931405826134005";"0.923621161979709";"0.918803348922393";"MMR"
"east of england";1;2008;"0.692925";"0.8895";"0.93974768925416";"0.934878762451823";"0.924653916069792";"MMR"
"east of england";1;2009;"0.69795";"0.9239";"0.936";"0.9438663741684";"0.935710050400237";"MMR"
"east of england";1;2010;"0.7086";"0.9306";"0.9527";"0.9523";"0.9448522296";"MMR"
"east of england";1;2011;"0.723225";"0.9448";"0.9568";"0.9638";"0.9562";"MMR"
"east of england";1;2012;"0.726075";"0.9643";"0.9707";"0.9736";"0.9709";"MMR"
"east of england";1;2013;"0.726";"0.9681";"0.9753";"0.9803";"0.9792";"MMR"
"east of england";1;2014;"0.7227";"0.968";"0.9775";"0.9838";"0.9823";"MMR"
"east of england";2;2005;"0";"0";"0.368113364620466";"0.744252610416437";"0.880353273155294";"MMR"
"east of england";2;2006;"0";"0";"0.370137626431335";"0.736226729240933";"0.878277803182012";"MMR"
"east of england";2;2007;"0";"0";"0.377304033501334";"0.74027525286267";"0.868806619354417";"MMR"
"east of england";2;2008;"0.0019";"0";"0.38847420085622";"0.754608067002668";"0.873584202103693";"MMR"
"east of england";2;2009;"0.0017";"0.0025";"0.3755";"0.77694840171244";"0.890498072932108";"MMR"
"east of england";2;2010;"0.0004";"0.0023";"0.39395";"0.751";"0.9168614606";"MMR"
"east of england";2;2011;"0.0013";"0.0005";"0.39715";"0.7879";"0.8862";"MMR"
"east of england";2;2012;"0.0013";"0.0018";"0.43945";"0.7943";"0.916";"MMR"
"east of england";2;2013;"0.0007";"0.0017";"0.43345";"0.8789";"0.9317";"MMR"
"east of england";2;2014;"0.0005";"0.001";"0.44205";"0.8669";"0.9403";"MMR"
"london";1;2005;"0.650625";"0.857";"0.868317226544881";"0.885625489659119";"0.89738532259642";"MMR"
"london";1;2006;"0.655875";"0.8675";"0.870063814216409";"0.876311849909788";"0.887451974168233";"MMR"
"london";1;2007;"0.5904";"0.8745";"0.891407339775656";"0.875765565740496";"0.8783899977447";"MMR"
"london";1;2008;"0.65355";"0.7872";"0.90968340132904";"0.901841789373958";"0.877247697173603";"MMR"
"london";1;2009;"0.65445";"0.8714";"0.8454";"0.92503933098536";"0.904554153403062";"MMR"
"london";1;2010;"0.6711";"0.8726";"0.93";"0.8708";"0.9290310002";"MMR"
"london";1;2011;"0.6849";"0.8948";"0.9357";"0.9499";"0.8774";"MMR"
"london";1;2012;"0.6885";"0.9132";"0.945";"0.9563";"0.9615";"MMR"
"london";1;2013;"0.688725";"0.918";"0.953";"0.9621";"0.9669";"MMR"
"london";1;2014;"0.6843";"0.9183";"0.9496";"0.964";"0.9699";"MMR"
"london";2;2005;"0";"0";"0.285655881751804";"0.571250690754517";"0.786109390451972";"MMR"
"london";2;2006;"0";"0";"0.281481896963362";"0.571311763503608";"0.758129649309246";"MMR"
"london";2;2007;"0.0106";"0";"0.307057032315825";"0.562963793926723";"0.758210701398286";"MMR"
"london";2;2008;"0.097";"0.0142";"0.324381928391125";"0.614114064631651";"0.747131776943229";"MMR"
"london";2;2009;"0.0676";"0.1294";"0.29065";"0.64876385678225";"0.815015347885402";"MMR"
"london";2;2010;"0.0775";"0.0901";"0.33935";"0.5813";"0.8610004735";"MMR"
"london";2;2011;"0.0729";"0.1034";"0.3513";"0.6787";"0.7668";"MMR"
"london";2;2012;"0.0722";"0.0972";"0.3643";"0.7026";"0.8163";"MMR"
"london";2;2013;"0.0681";"0.0963";"0.35105";"0.7286";"0.8283";"MMR"
"london";2;2014;"0.0669";"0.0909";"0.3356";"0.7021";"0.8295";"MMR"
"north east";1;2005;"0.702";"0.926";"0.920454097920523";"0.951323155806524";"0.961979427101936";"MMR"
"north east";1;2006;"0.708";"0.936";"0.92979494924357";"0.937945923327541";"0.956563165564399";"MMR"
"north east";1;2007;"0.698475";"0.944";"0.939532301637158";"0.952265629425114";"0.942261927246629";"MMR"
"north east";1;2008;"0.70065";"0.9313";"0.94716646378531";"0.960447790962293";"0.957810136157337";"MMR"
"north east";1;2009;"0.71175";"0.9342";"0.9339";"0.96591575144619";"0.965608563597304";"MMR"
"north east";1;2010;"0.707175";"0.949";"0.9569";"0.9493";"0.9705420267";"MMR"
"north east";1;2011;"0.721875";"0.9429";"0.9687";"0.9708";"0.9531";"MMR"
"north east";1;2012;"0.726375";"0.9625";"0.9633";"0.9808";"0.975";"MMR"
"north east";1;2013;"0.725475";"0.9685";"0.9728";"0.9812";"0.9862";"MMR"
"north east";1;2014;"0.728175";"0.9673";"0.9774";"0.9823";"0.9832";"MMR"
"north east";2;2005;"0";"0";"0.437010520152608";"0.873910884429997";"0.902064433173798";"MMR"
"north east";2;2006;"0";"0";"0.442862670196672";"0.874021040305217";"0.900011209505661";"MMR"
"north east";2;2007;"0";"0";"0.449444458848804";"0.885725340393343";"0.900124655309183";"MMR"
"north east";2;2008;"0.0006";"0";"0.45881188852075";"0.898888917697607";"0.912178517397882";"MMR"
"north east";2;2009;"0";"0.0007";"0.42395";"0.9176237770415";"0.925735239647381";"MMR"
"north east";2;2010;"0.0012";"0";"0.4335";"0.8479";"0.9450296365";"MMR"
"north east";2;2011;"0";"0.0016";"0.45795";"0.867";"0.8732";"MMR"
"north east";2;2012;"0.0003";"0";"0.45895";"0.9159";"0.9305";"MMR"
"north east";2;2013;"0";"0.0004";"0.45275";"0.9179";"0.9489";"MMR"
"north east";2;2014;"0.0003";"0";"0.46025";"0.9055";"0.9513";"MMR"
"north west";1;2005;"0.698625";"0.92";"0.932844581625292";"0.943544369154264";"0.955387963379859";"MMR"
"north west";1;2006;"0.703875";"0.9315";"0.939792734530833";"0.941104996605135";"0.948451678692672";"MMR"
"north west";1;2007;"0.653625";"0.9385";"0.949530742359132";"0.948468766934286";"0.946636961595587";"MMR"
"north west";1;2008;"0.683175";"0.8715";"0.95575498106652";"0.957434415533874";"0.954279069156275";"MMR"
"north west";1;2009;"0.685275";"0.9109";"0.9226";"0.9633186036989";"0.962727472045604";"MMR"
"north west";1;2010;"0.697575";"0.9137";"0.9405";"0.945";"0.9683839298";"MMR"
"north west";1;2011;"0.710175";"0.9301";"0.945";"0.9578";"0.96";"MMR"
"north west";1;2012;"0.714525";"0.9469";"0.9556";"0.9635";"0.9665";"MMR"
"north west";1;2013;"0.711975";"0.9527";"0.9666";"0.9706";"0.9715";"MMR"
"north west";1;2014;"0.71745";"0.9493";"0.9658";"0.9778";"0.9764";"MMR"
"north west";2;2005;"0";"0";"0.351917445098663";"0.701700356262343";"0.882597928860873";"MMR"
"north west";2;2006;"0";"0";"0.3546240729669";"0.703834890197326";"0.881865472241226";"MMR"
"north west";2;2007;"0";"0";"0.363251001457369";"0.7092481459338";"0.884548058561426";"MMR"
"north west";2;2008;"0.0006";"0";"0.369605811256423";"0.726502002914738";"0.891351195090864";"MMR"
"north west";2;2009;"0.0005";"0.0008";"0.34545";"0.739211622512845";"0.913035067129242";"MMR"
"north west";2;2010;"0.0007";"0.0007";"0.4119";"0.6909";"0.92900794585";"MMR"
"north west";2;2011;"0.0016";"0.001";"0.4307";"0.8238";"0.8683";"MMR"
"north west";2;2012;"0.003";"0.0021";"0.43575";"0.8614";"0.9112";"MMR"
"north west";2;2013;"0.0035";"0.004";"0.43345";"0.8715";"0.9261";"MMR"
"north west";2;2014;"0.0009";"0.0046";"0.4261";"0.8669";"0.9314";"MMR"
"south east";1;2005;"0.691656698380165";"0.906729835570248";"0.910090826916431";"0.927138142067951";"0.939721218378937";"MMR"
"south east";1;2006;"0.698807363553719";"0.922208931173554";"0.918429784379816";"0.919073106908676";"0.929369688838851";"MMR"
"south east";1;2007;"0.634275";"0.931743151404958";"0.932715487028588";"0.926982694935404";"0.92147848288973";"MMR"
"south east";1;2008;"0.691275";"0.8457";"0.943086843084335";"0.94039600204092";"0.929273089538587";"MMR"
"south east";1;2009;"0.691425";"0.9217";"0.8881";"0.951379322127024";"0.942452776751655";"MMR"
"south east";1;2010;"0.70425";"0.9219";"0.9515";"0.9191";"0.95359997545";"MMR"
"south east";1;2011;"0.7131";"0.939";"0.9548";"0.9675";"0.9274";"MMR"
"south east";1;2012;"0.716925";"0.9508";"0.9629";"0.9682";"0.9738";"MMR"
"south east";1;2013;"0.7206";"0.9559";"0.9672";"0.9742";"0.9749";"MMR"
"south east";1;2014;"0.7176";"0.9608";"0.9675";"0.975";"0.9782";"MMR"
"south east";2;2005;"0";"0";"0.358588472589899";"0.718757913918583";"0.861610738255034";"MMR"
"south east";2;2006;"0";"0";"0.360356314751608";"0.717176945179797";"0.864203335239369";"MMR"
"south east";2;2007;"0.0013";"0";"0.369820777862313";"0.720712629503217";"0.8623024470119";"MMR"
"south east";2;2008;"0.0052";"0.0018";"0.37960116216583";"0.739641555724627";"0.866553600460763";"MMR"
"south east";2;2009;"0.0042";"0.0069";"0.3645";"0.75920232433166";"0.88931292019313";"MMR"
"south east";2;2010;"0.0048";"0.0056";"0.41845";"0.729";"0.9128319398";"MMR"
"south east";2;2011;"0.0042";"0.0064";"0.43265";"0.8369";"0.8762";"MMR"
"south east";2;2012;"0.0055";"0.0056";"0.44275";"0.8653";"0.9274";"MMR"
"south east";2;2013;"0.0031";"0.0074";"0.44425";"0.8855";"0.9347";"MMR"
"south east";2;2014;"0.002";"0.0041";"0.437";"0.8885";"0.9371";"MMR"
"south west";1;2005;"0.69825";"0.9025";"0.923605270927436";"0.94366925682432";"0.953539000690278";"MMR"
"south west";1;2006;"0.70125";"0.931";"0.92845612771478";"0.935823761893588";"0.947100741336705";"MMR"
"south west";1;2007;"0.6357";"0.935";"0.945303290519534";"0.945972833941957";"0.939725464891183";"MMR"
"south west";1;2008;"0.6738";"0.8476";"0.94925743493765";"0.954955983743492";"0.951566403997694";"MMR"
"south west";1;2009;"0.68295";"0.8984";"0.9005";"0.9588791821451";"0.95803835636963";"MMR"
"south west";1;2010;"0.69105";"0.9106";"0.9354";"0.9362";"0.96195167285";"MMR"
"south west";1;2011;"0.70845";"0.9214";"0.9435";"0.9566";"0.9476";"MMR"
"south west";1;2012;"0.71115";"0.9446";"0.9482";"0.965";"0.9643";"MMR"
"south west";1;2013;"0.71175";"0.9482";"0.9626";"0.969";"0.9704";"MMR"
"south west";1;2014;"0.71295";"0.949";"0.9636";"0.974";"0.975";"MMR"
"south west";2;2005;"0";"0";"0.343348043644043";"0.690858778231136";"0.88354661144445";"MMR"
"south west";2;2006;"0";"0";"0.351214619770645";"0.686696087288086";"0.894431354519855";"MMR"
"south west";2;2007;"0.0008";"0";"0.352942562834775";"0.70242923954129";"0.889042060186543";"MMR"
"south west";2;2008;"0.0006";"0.001";"0.35722423233849";"0.705885125669551";"0.909411237106797";"MMR"
"south west";2;2009;"0.0005";"0.0008";"0.3312";"0.71444846467698";"0.913885455294602";"MMR"
"south west";2;2010;"0.0012";"0.0006";"0.4021";"0.6624";"0.92497211895";"MMR"
"south west";2;2011;"0.0003";"0.0016";"0.4249";"0.8042";"0.8573";"MMR"
"south west";2;2012;"0.0013";"0.0004";"0.44405";"0.8498";"0.9054";"MMR"
"south west";2;2013;"0.0004";"0.0017";"0.4423";"0.8881";"0.9236";"MMR"
"south west";2;2014;"0.0007";"0.0006";"0.44215";"0.8846";"0.9335";"MMR"
"west midlands";1;2005;"0.693";"0.914";"0.932835138404769";"0.943918968038789";"0.958631240190872";"MMR"
"west midlands";1;2006;"0.7035";"0.924";"0.936567675691122";"0.93911485371604";"0.950598654264793";"MMR"
"west midlands";1;2007;"0.69";"0.938";"0.943802972093023";"0.943058066360978";"0.946966296169938";"MMR"
"west midlands";1;2008;"0.695625";"0.92";"0.95607945603087";"0.94949824293381";"0.951172913343966";"MMR"
"west midlands";1;2009;"0.698925";"0.9275";"0.9506";"0.96127904921649";"0.956618962432916";"MMR"
"west midlands";1;2010;"0.706275";"0.9319";"0.9512";"0.9594";"0.9677800297";"MMR"
"west midlands";1;2011;"0.71265";"0.9417";"0.9588";"0.966";"0.9704";"MMR"
"west midlands";1;2012;"0.7203";"0.9502";"0.964";"0.9728";"0.9707";"MMR"
"west midlands";1;2013;"0.7191";"0.9604";"0.966";"0.9762";"0.9781";"MMR"
"west midlands";1;2014;"0.71985";"0.9588";"0.9738";"0.9774";"0.9799";"MMR"
"west midlands";2;2005;"0";"0";"0.398533129679841";"0.791885585295864";"0.890217029439275";"MMR"
"west midlands";2;2006;"0";"0";"0.400897136662679";"0.797066259359681";"0.887863645359193";"MMR"
"west midlands";2;2007;"0.0008";"0";"0.406817583090105";"0.801794273325359";"0.893672227110305";"MMR"
"west midlands";2;2008;"0.001";"0.0011";"0.416568952582403";"0.813635166180209";"0.898973285486443";"MMR"
"west midlands";2;2009;"0.0003";"0.0014";"0.41305";"0.833137905164805";"0.912249317390076";"MMR"
"west midlands";2;2010;"0.0007";"0.0004";"0.4328";"0.8261";"0.93411582595";"MMR"
"west midlands";2;2011;"0.0006";"0.0009";"0.442";"0.8656";"0.9261";"MMR"
"west midlands";2;2012;"0.0007";"0.0008";"0.44785";"0.884";"0.9177";"MMR"
"west midlands";2;2013;"0.0005";"0.0009";"0.4469";"0.8957";"0.9318";"MMR"
"west midlands";2;2014;"0.0006";"0.0007";"0.4486";"0.8938";"0.9382";"MMR"
"yorkshire and the humber";1;2005;"0.696";"0.916";"0.940307480419247";"0.943130825427012";"0.952859035776169";"MMR"
"yorkshire and the humber";1;2006;"0.70125";"0.928";"0.936846021243569";"0.945246246486734";"0.946865645360099";"MMR"
"yorkshire and the humber";1;2007;"0.674475";"0.935";"0.948183682806876";"0.942043735449551";"0.949620082945086";"MMR"
"yorkshire and the humber";1;2008;"0.6891";"0.8993";"0.95580688892984";"0.953216250587008";"0.946646899799424";"MMR"
"yorkshire and the humber";1;2009;"0.698475";"0.9188";"0.9378";"0.96099484594616";"0.95767315908097";"MMR"
"yorkshire and the humber";1;2010;"0.705";"0.9313";"0.9487";"0.9474";"0.9655893692";"MMR"
"yorkshire and the humber";1;2011;"0.70005";"0.94";"0.9562";"0.962";"0.9559";"MMR"
"yorkshire and the humber";1;2012;"0.7092";"0.9334";"0.9601";"0.9622";"0.9695";"MMR"
"yorkshire and the humber";1;2013;"0.711675";"0.9456";"0.946";"0.9773";"0.9674";"MMR"
"yorkshire and the humber";1;2014;"0.7092";"0.9489";"0.9595";"0.9557";"0.9821";"MMR"
"yorkshire and the humber";2;2005;"0";"0";"0.398447824625289";"0.792585349533369";"0.879794788162946";"MMR"
"yorkshire and the humber";2;2006;"0";"0";"0.398805796633819";"0.796895649250578";"0.879380172565593";"MMR"
"yorkshire and the humber";2;2007;"0";"0";"0.410041170064251";"0.797611593267638";"0.88416248668654";"MMR"
"yorkshire and the humber";2;2008;"0";"0";"0.417166383393627";"0.820082340128503";"0.884956832650214";"MMR"
"yorkshire and the humber";2;2009;"0.0002";"0";"0.4102";"0.834332766787255";"0.909888317018199";"MMR"
"yorkshire and the humber";2;2010;"0.0003";"0.0003";"0.40985";"0.8204";"0.92569928635";"MMR"
"yorkshire and the humber";2;2011;"0.0003";"0.0003";"0.40785";"0.8197";"0.9102";"MMR"
"yorkshire and the humber";2;2012;"0.0005";"0.0003";"0.43055";"0.8157";"0.9321";"MMR"
"yorkshire and the humber";2;2013;"0.0005";"0.0007";"0.41165";"0.8611";"0.9216";"MMR"
"yorkshire and the humber";2;2014;"0.0002";"0.0006";"0.41205";"0.8233";"0.947";"MMR"
